,Rank,Sparsity
0,5,0.4461345364222351
1,10,0.5937648450354283
2,15,0.6902542972522593
3,20,0.7629308554305224
4,25,0.7871753308322496
5,30,0.8292282948772995
6,35,0.8552346333004704
7,40,0.864567246060979
8,45,0.8819344051457558
9,50,0.8902980779582308
10,55,0.9046224127181818
